{"name":"csv2tsprofile","metrics":[{"name":"metric_0","txmatrix":[[94,4,0,2],[17,67,17,0],[0,7,55,38],[0,1,15,84]],"stats":{"min":0,"max":100,"stddev":34.41679231194708,"avg":61.65461041032441,"count":2420}}]}
