{"name":"tsinput","metrics":[{"name":"example","txmatrix":[[94,4,0,2],[17,67,17,0],[0,7,55,38],[0,1,15,84]],"stats":{"min":0,"max":100,"stddev":0.4044010715284039,"avg":11.7645295056}}]}
