{"name":"tsinput","metrics":[{"name":"example","txmatrix":[[0,50,0,50],[6,44,39,11],[0,64,27,9],[0,60,20,20]],"stats":{"min":0,"max":256,"stddev":84.5133491338391,"avg":113.52727272727272}}]}
