{"name":"csv2tsprofile","metrics":[{"name":"metric_0","txmatrix":[[98,2,0,0],[17,83,0,0],[0,0,75,25],[0,0,100,0]],"stats":{"min":71439257.6,"max":1801968605.867,"stddev":392863418.66913867,"avg":745564284.4539043,"count":1408}}]}